generation,best_fitness,best_fitness_flat,best_fitness_uneven,best_fitness_crater,worst_fitness,worst_fitness_flat,worst_fitness_uneven,worst_fitness_crater,mean_fitness,mean_fitness_flat,mean_fitness_uneven,mean_fitness_crater,median_fitness,median_fitness_flat,median_fitness_uneven,median_fitness_crater,std_fitness,num_modules,time_per_generation,total_elapsed_time
0,2.5878358647180884,1.224845802763353,1.0780945332382912,1.122796214360848,0.07326049756280717,0.007182010361977154,0.016671552647686386,0.01519262294440547,0.7589936115946448,0.3187244313241589,0.20658469591225653,0.23368448435822964,0.48962817446252577,0.14676920519043168,0.1433141701500075,0.13105644898148627,0.6427720609372432,8,43887.604054927826,43887.604054927826
1,2.5878358647180884,1.224845802763353,1.0780945332382912,1.122796214360848,0.2934901648363871,0.0276585876553456,0.029458538437505455,0.026959003923957336,0.9277832738235009,0.3896801299255319,0.2588401736964161,0.27926297020155316,0.8128622384480386,0.2876483033917215,0.1901134563789731,0.24340317545254006,0.5692980529812318,8,15146.809017181396,59034.41307210922
