generation,best_fitness,best_fitness_flat,best_fitness_uneven,best_fitness_crater,worst_fitness,worst_fitness_flat,worst_fitness_uneven,worst_fitness_crater,mean_fitness,mean_fitness_flat,mean_fitness_uneven,mean_fitness_crater,median_fitness,median_fitness_flat,median_fitness_uneven,median_fitness_crater,std_fitness,num_modules,time_per_generation,total_elapsed_time
0,5.836954058039895,5.518206393409128,0.5928129891484887,1.0199885189975348,0.11531218228159054,0.0030754883080045146,0.02997750052598335,0.032262760302809404,1.0042799497179067,0.5538736141215672,0.22612670127065154,0.2242796343256875,0.5830165061412332,0.21529427731425363,0.18050276136993432,0.14452517994122874,1.2375197557653186,8,30960.36753153801,30960.36753153801
1,5.836954058039895,5.518206393409128,0.8295344099375046,1.8326268075324665,0.363053879218436,0.03502406939181451,0.02997750052598335,0.01614725086480308,1.3537625737466823,0.7124283156148375,0.29596054157119267,0.34537371656065285,0.7620037305328479,0.31648284881411365,0.2766012550123189,0.2028362762703329,1.3062495373096286,8,11179.11982870102,42139.48736023903
2,5.836954058039895,5.518206393409128,0.8295344099375046,1.8326268075324665,0.4880917689188213,0.04364102026561547,0.0863506552243269,0.07265585558765808,1.4324369711793947,0.7340209469107782,0.32230335756409983,0.37611266670451676,0.9233272627576914,0.3914662394343259,0.29264018318957863,0.23564652843577605,1.2663329798712901,8,11328.747236728668,53468.2345969677
3,5.836954058039895,5.518206393409128,0.8295344099375046,1.8326268075324665,0.5719091103006042,0.0799740190590901,0.0863506552243269,0.07358084803909652,1.4767191850572376,0.7618145827621176,0.3222233185162151,0.39268128377890493,0.966045502900093,0.4023698241728755,0.29264018318957863,0.2611589632715434,1.251028685493669,8,10906.459591150284,64374.69418811798
