{
  "runID": "000007",
  "fitness": 2.1663853145896756,
  "generation": 2,
  "core": {
    "right": {},
    "front": {},
    "back": {
      "hinge": {
        "brick": {
          "front": {
            "hinge": {
              "brick": {
                "front": {},
                "right": {},
                "left": {},
                "rotation": 1.5707963267948966,
                "spinebrick": true
              },
              "rotation": 0.0
            }
          },
          "right": {
            "hinge": {
              "brick": {
                "front": {},
                "right": {},
                "left": {},
                "rotation": 1.5707963267948966
              },
              "rotation": 3.141592653589793
            }
          },
          "left": {
            "hinge": {
              "brick": {
                "front": {},
                "right": {},
                "left": {},
                "rotation": 1.5707963267948966
              },
              "rotation": -3.141592653589793
            }
          },
          "rotation": 4.71238898038469,
          "spinebrick": true
        },
        "rotation": 4.71238898038469
      }
    },
    "spinebrick": true,
    "left": {}
  },
  "brain_weights": [
    [
      0.0,
      -6.944212563546838,
      -1.8482756773810523,
      12.275681637120126,
      -1.0041389185569831,
      0.0,
      0.0,
      0.0
    ],
    [
      -10.061287703643426,
      0.0,
      0.0,
      0.0,
      0.0,
      7.279305388536656,
      0.0,
      0.0
    ],
    [
      2.5829089296534304,
      0.0,
      0.0,
      0.0,
      0.0,
      0.0,
      12.7887135371646,
      0.0
    ],
    [
      -6.161052334163413,
      0.0,
      0.0,
      0.0,
      0.0,
      0.0,
      0.0,
      -0.30814129237480326
    ],
    [
      6.214626088518691,
      0.0,
      0.0,
      0.0,
      0.0,
      0.0,
      0.0,
      0.0
    ],
    [
      0.0,
      -2.3302321142841156,
      0.0,
      0.0,
      0.0,
      0.0,
      0.0,
      0.0
    ],
    [
      0.0,
      0.0,
      0.19523794416800466,
      0.0,
      0.0,
      0.0,
      0.0,
      0.0
    ],
    [
      0.0,
      0.0,
      0.0,
      -4.90298110046432,
      0.0,
      0.0,
      0.0,
      0.0
    ]
  ]
}