generation,best_fitness,best_fitness_flat,best_fitness_uneven,best_fitness_crater,worst_fitness,worst_fitness_flat,worst_fitness_uneven,worst_fitness_crater,mean_fitness,mean_fitness_flat,mean_fitness_uneven,mean_fitness_crater,median_fitness,median_fitness_flat,median_fitness_uneven,median_fitness_crater,std_fitness,num_modules,time_per_generation,total_elapsed_time
0,0.31848125274240646,0.044558497492203024,0.08097981475211101,0.029849125052636708,0.27118824413264797,0.07501238409926417,0.2440736301975667,0.11519604528127277,0.2948347484375272,0.0597854407957336,0.16252672247483885,0.07252258516695474,0.27118824413264797,0.07501238409926417,0.2440736301975667,0.11519604528127277,0.023646504304879246,6,59.80134677886963,59.80134677886963
1,0.6837832396437229,0.044558497492203024,0.2045327723795788,0.029849125052636708,0.31848125274240646,0.1410807890231889,0.2440736301975667,0.3381696782409552,0.5011322461930647,0.09281964325769597,0.22430320128857273,0.18400940164679594,0.31848125274240646,0.1410807890231889,0.2440736301975667,0.3381696782409552,0.18265099345065822,6,30.232768058776855,90.03411483764648
