generation,best_fitness,best_fitness_flat,best_fitness_uneven,best_fitness_crater,worst_fitness,worst_fitness_flat,worst_fitness_uneven,worst_fitness_crater,mean_fitness,mean_fitness_flat,mean_fitness_uneven,mean_fitness_crater,median_fitness,median_fitness_flat,median_fitness_uneven,median_fitness_crater,std_fitness,num_modules,time_per_generation,total_elapsed_time
0,0.7472078098084072,0.22444846378718236,0.16629055438881168,0.19954885889710255,0.5902878770730966,0.27650192131764745,0.19129048758315154,0.27941540090760814,0.6687478434407519,0.2504751925524149,0.1787905209859816,0.23948212990235535,0.5902878770730966,0.27650192131764745,0.19129048758315154,0.27941540090760814,0.07845996636765529,8,59.6093852519989,59.6093852519989
1,0.7472078098084072,0.22444846378718236,0.16629055438881168,0.19954885889710255,0.5902878770730966,0.27650192131764745,0.19129048758315154,0.27941540090760814,0.6687478434407519,0.2504751925524149,0.1787905209859816,0.23948212990235535,0.5902878770730966,0.27650192131764745,0.19129048758315154,0.27941540090760814,0.07845996636765529,8,29.286616802215576,88.89600205421448
