generation,best_fitness,best_fitness_flat,best_fitness_uneven,best_fitness_crater,worst_fitness,worst_fitness_flat,worst_fitness_uneven,worst_fitness_crater,mean_fitness,mean_fitness_flat,mean_fitness_uneven,mean_fitness_crater,median_fitness,median_fitness_flat,median_fitness_uneven,median_fitness_crater,std_fitness,num_modules,time_per_generation,total_elapsed_time
0,4.638337380932042,1.6186718589330502,0.7392567758453806,4.437988031398916,0.11266884925998975,0.011950540269402147,0.024993962147989233,0.030162044927919664,0.9699758491676486,0.3653567580185061,0.1898464288723999,0.41477266227674237,0.4607445118534979,0.21757129975921113,0.11797393652975954,0.12426714998005352,1.0662040532219872,5,32401.043503284454,32401.043503284454
1,4.638337380932042,1.6186718589330502,0.7392567758453806,4.437988031398916,0.26462982415389114,0.03695317356855696,0.015303318206431849,0.04723653152015704,1.147865835118378,0.4467106583922388,0.22684030302620048,0.4743148736999386,0.7988883839310816,0.2661845130146371,0.1633961759645685,0.24406258099313258,0.9996802833377737,5,10053.342146158218,42454.38564944267
2,4.638337380932042,1.6186718589330502,0.7392567758453806,4.437988031398916,0.45097216988854116,0.03695317356855696,0.015303318206431849,0.08679075832151162,1.253230750822855,0.49160152877364893,0.2572540348023405,0.5043751872468656,0.9110712382166595,0.36634336697226844,0.22814106878516344,0.28644147066145886,0.9462058460757922,5,9869.782125234604,52324.16777467728
3,4.638337380932042,1.6186718589330502,0.7392567758453806,4.437988031398916,0.5437569464620686,0.03695317356855696,0.015303318206431849,0.013547911338256152,1.3442823777591115,0.5292285398885678,0.27759315549292424,0.5374606823776199,0.9245610397340347,0.38401295245083356,0.2935505671690529,0.3003660511105485,0.922348751088398,5,10577.700028657913,62901.86780333519
