generation,best_fitness,best_fitness_flat,best_fitness_uneven,best_fitness_crater,worst_fitness,worst_fitness_flat,worst_fitness_uneven,worst_fitness_crater,mean_fitness,mean_fitness_flat,mean_fitness_uneven,mean_fitness_crater,median_fitness,median_fitness_flat,median_fitness_uneven,median_fitness_crater,std_fitness,num_modules,time_per_generation,total_elapsed_time
1,0.9622171028652879,0.39033759654106626,0.09818620214557199,0.47369330417864974,0.9622171028652879,0.39033759654106626,0.09818620214557199,0.47369330417864974,0.9622171028652879,0.39033759654106626,0.09818620214557199,0.47369330417864974,0.9622171028652879,0.39033759654106626,0.09818620214557199,0.47369330417864974,0.0,9,38.06667494773865,76.61496210098267
2,1.2290501393080666,0.5248333588519883,0.33750987789988957,0.36670690255618876,1.2290501393080666,0.5248333588519883,0.33750987789988957,0.36670690255618876,1.2290501393080666,0.5248333588519883,0.33750987789988957,0.36670690255618876,1.2290501393080666,0.5248333588519883,0.33750987789988957,0.36670690255618876,0.0,16,46.290266275405884,122.90522837638855
