generation,best_fitness,best_fitness_flat,best_fitness_uneven,best_fitness_crater,worst_fitness,worst_fitness_flat,worst_fitness_uneven,worst_fitness_crater,mean_fitness,mean_fitness_flat,mean_fitness_uneven,mean_fitness_crater,median_fitness,median_fitness_flat,median_fitness_uneven,median_fitness_crater,std_fitness,num_modules,time_per_generation,total_elapsed_time
0,4.8424121155255575,2.1270447711729568,1.2105210381150184,1.7743078146683953,0.12405469494728608,5.432177622355385e-16,0.031597726409552114,0.012546727117976011,0.9458495302484171,0.29268685774699993,0.3408744712088389,0.31228820129257834,0.5674193036383579,0.14234328604027136,0.19097688744804697,0.15740191746858068,0.9941140446510416,6,30455.477422952652,30455.477422952652
1,4.8424121155255575,2.1270447711729568,1.2105210381150184,1.7743078146683953,0.3025284489522084,0.045994002872728666,0.018444211783082923,0.03530151235090927,1.2869756732298272,0.4488419120643659,0.39154964151976035,0.4465841196457011,0.924099826990077,0.3497449041588962,0.23520106426851173,0.29320919556732544,0.9811282268201662,6,10301.823719501495,40757.30114245415
2,4.8424121155255575,2.1270447711729568,1.2105210381150184,1.7743078146683953,0.5615706023405548,0.045994002872728666,0.018444211783082923,0.05601573099465861,1.4250207021898196,0.5122159400978149,0.41590207332584267,0.4969026887661618,1.117725213295522,0.36874600776254407,0.2617299202277377,0.3553691544898561,0.9168502634619023,6,11298.344175338745,52055.64531779289
3,4.8424121155255575,2.1270447711729568,1.2105210381150184,1.7743078146683953,0.6616844974955293,0.045994002872728666,0.018444211783082923,0.05601573099465861,1.5197753706807668,0.546190515948926,0.43132881749051183,0.5422560372413291,1.2618242484361097,0.39185295701994577,0.3205666609121111,0.45235615206392943,0.8876982560365457,6,10365.011167526245,62420.65648531914
