generation,best_fitness,best_fitness_flat,best_fitness_uneven,best_fitness_crater,worst_fitness,worst_fitness_flat,worst_fitness_uneven,worst_fitness_crater,mean_fitness,mean_fitness_flat,mean_fitness_uneven,mean_fitness_crater,median_fitness,median_fitness_flat,median_fitness_uneven,median_fitness_crater,std_fitness,num_modules,time_per_generation,total_elapsed_time
0,3.0629278282722177,1.6023754143329612,1.2913340536201139,1.1846621444643615,0.49861817506036155,0.09230327233987642,0.19456812920186028,0.0674854936391677,1.3777215174472566,0.47357902791301404,0.4212419486301193,0.48290054090412277,1.1561365296594248,0.46228367286086763,0.3493216490837989,0.38718753349495805,0.6382729004664377,7,18588.402391910553,18588.402391910553
