generation,best_fitness,best_fitness_flat,best_fitness_uneven,best_fitness_crater,worst_fitness,worst_fitness_flat,worst_fitness_uneven,worst_fitness_crater,mean_fitness,mean_fitness_flat,mean_fitness_uneven,mean_fitness_crater,median_fitness,median_fitness_flat,median_fitness_uneven,median_fitness_crater,std_fitness,num_modules,time_per_generation,total_elapsed_time
0,3.982885085277188,2.000432030981994,0.9487890071693496,1.24144574280213,0.13415141152685883,5.432177622355385e-16,0.03682520750724447,0.012546727117976011,0.9914230352277723,0.41669250698454874,0.30411012544492755,0.27062040279829613,0.6638211919049195,0.22906752629264315,0.19097688744804697,0.1415034427619894,0.943578349588121,8,42723.62873697281,42723.62873697281
1,3.982885085277188,2.000432030981994,0.9487890071693496,1.24144574280213,0.24504145332453775,0.04058654855058803,0.043033818415074906,0.020383250982379815,1.1451181295354245,0.494013373404108,0.33942640523343454,0.31167835089788276,0.8120392726502346,0.26191840810157613,0.2624441104415258,0.1783138439381351,0.9301425653321166,8,15095.723902225494,57819.3526391983
2,5.45315098850145,2.000432030981994,2.080980297219435,1.6049983700761694,0.3642311677878811,0.05801802747702482,0.04693496812055936,0.10479963417414899,1.4451270987543097,0.6234042279094779,0.4190459435312411,0.4026769273135907,1.167865857436595,0.4003021025772513,0.3014826377341312,0.28024862768898634,1.143312909137743,9,14462.709878444672,72282.06251764297
