generation,best_fitness,worst_fitness,mean_fitness,median_fitness,std_fitness,num_modules
1,0.44067129076765726,0.1484924154023222,0.2591182720785615,0.1881911100657051,0.12939634342035194,11
2,0.9265185038248456,0.19182073784431797,0.5196701774789403,0.44067129076765726,0.30509650922335063,11
3,0.9265185038248456,0.19182073784431797,0.5196701774789403,0.44067129076765726,0.30509650922335063,11
4,0.9265185038248456,0.44067129076765726,0.682402452837977,0.6800175639214279,0.1983534629228295,11
