generation,best_fitness,best_fitness_flat,best_fitness_uneven,best_fitness_crater,worst_fitness,worst_fitness_flat,worst_fitness_uneven,worst_fitness_crater,mean_fitness,mean_fitness_flat,mean_fitness_uneven,mean_fitness_crater,median_fitness,median_fitness_flat,median_fitness_uneven,median_fitness_crater,std_fitness,num_modules,time_per_generation,total_elapsed_time
0,3.1680231157794054,1.0863108691728975,1.2743477266984597,1.1341349816360058,0.14531899017233701,0.02034771992920476,0.012185920423045529,0.03919383629168778,0.7914068926433778,0.25244927586813526,0.2758284586523778,0.26312915812286475,0.46006172573917725,0.137018533848428,0.18723925084647708,0.1406465383355217,0.6999108359907961,7,31570.350317001343,31570.350317001343
1,3.1680231157794054,1.0863108691728975,1.2743477266984597,1.1341349816360058,0.2166761884642232,0.02034771992920476,0.012185920423045529,0.04232757870104173,0.8731082792878644,0.2808916002603356,0.3034074569217497,0.2888092221057791,0.6259551322533785,0.18102296449072103,0.2205632408402572,0.19147666812464958,0.6774820091796594,7,11534.570610761642,43104.920927762985
2,3.3497239675452866,1.6900772075967543,1.2743477266984597,1.1341349816360058,0.3783223557573473,0.06929165164154533,0.012185920423045529,0.06121631444569765,1.0919662539728774,0.37676364351570174,0.36288370583975965,0.35231890461741605,0.9281464837065123,0.23529110680418763,0.2938353679500437,0.2814240943991216,0.7364686629666752,9,10734.269635915756,53839.19056367874
3,3.3497239675452866,1.6900772075967543,1.2743477266984597,1.1341349816360058,0.458149408182732,0.06929165164154533,0.054822123190350035,0.08139591426920055,1.1648273379132241,0.4198348834470297,0.36747091339085736,0.37752154107533653,0.9395717818940259,0.27447099883190296,0.2938353679500437,0.3445754608587288,0.7083457314517811,9,10057.194274187088,63896.38483786583
