{
  "runID": "670011",
  "fitness": 2.1530368962211934,
  "generation": 1,
  "core": {
    "right": {},
    "front": {
      "hinge": {
        "brick": {
          "front": {
            "hinge": {
              "brick": {
                "front": {},
                "right": {},
                "left": {},
                "rotation": 4.71238898038469,
                "spinebrick": true
              },
              "rotation": 0.0
            }
          },
          "right": {},
          "left": {},
          "rotation": 0.0,
          "spinebrick": true
        },
        "rotation": 3.141592653589793
      }
    },
    "back": {
      "hinge": {
        "brick": {
          "front": {},
          "right": {},
          "left": {},
          "rotation": 1.5707963267948966,
          "spinebrick": true
        },
        "rotation": 0.0
      }
    },
    "spinebrick": true,
    "left": {}
  },
  "brain_weights": [
    [
      0.0,
      1.496105539313082,
      0.0,
      1.7016913470347825,
      0.0,
      0.0
    ],
    [
      2.7052594101727374,
      0.0,
      0.0,
      0.0,
      5.359681381734031,
      0.0
    ],
    [
      0.0,
      0.0,
      0.0,
      0.0,
      0.0,
      -3.0124503500919855
    ],
    [
      -4.676707037432231,
      0.0,
      0.0,
      0.0,
      0.0,
      0.0
    ],
    [
      0.0,
      -3.846152604789644,
      0.0,
      0.0,
      0.0,
      0.0
    ],
    [
      0.0,
      0.0,
      3.635859903705897,
      0.0,
      0.0,
      0.0
    ]
  ]
}