generation,best_fitness,worst_fitness,mean_fitness,median_fitness,std_fitness,num_modules
1,0.5770487003774557,0.36948532444968923,0.4972718123846787,0.5452814123268913,0.09128464646949598,14
2,0.5770487003774557,0.36948532444968923,0.4972718123846787,0.5452814123268913,0.09128464646949598,14
3,0.5770487003774557,0.36948532444968923,0.4972718123846787,0.5452814123268913,0.09128464646949598,14
4,0.5770487003774557,0.4398570908706037,0.5207290678583169,0.5452814123268913,0.05863728986431639,14
