generation,best_fitness,best_fitness_flat,best_fitness_uneven,best_fitness_crater,worst_fitness,worst_fitness_flat,worst_fitness_uneven,worst_fitness_crater,mean_fitness,mean_fitness_flat,mean_fitness_uneven,mean_fitness_crater,median_fitness,median_fitness_flat,median_fitness_uneven,median_fitness_crater,std_fitness,num_modules,time_per_generation,total_elapsed_time
0,2.586250594848662,1.498416647025062,0.8543451914596807,0.8995402709581408,0.08269081890380583,5.432177622355385e-16,0.02080029385559165,0.003976862037350986,0.8957501741334948,0.3644119003653135,0.28813339017517914,0.24320488359300213,0.5888850372243914,0.16194385738989706,0.23860670964781067,0.18386119575509366,0.6550080572947006,6,43038.591240644455,43038.591240644455
1,10.696849267416393,9.931553830795636,0.8543451914596807,0.8995402709581408,0.41612831200000766,0.05242449597719519,0.07885272581450244,0.08100109654671636,1.4636880181020837,0.809936052283373,0.3404449718254055,0.3133069939933054,1.075028235811954,0.3966905329351107,0.2794216243260275,0.24938415422095495,1.8277763790988628,5,14570.31661605835,57608.907856702805
