generation,best_fitness,best_fitness_flat,best_fitness_uneven,best_fitness_crater,worst_fitness,worst_fitness_flat,worst_fitness_uneven,worst_fitness_crater,mean_fitness,mean_fitness_flat,mean_fitness_uneven,mean_fitness_crater,median_fitness,median_fitness_flat,median_fitness_uneven,median_fitness_crater,std_fitness,num_modules,time_per_generation,total_elapsed_time
0,2.849679128495568,0.8012618933271131,1.0977073536254895,1.2046019598361088,0.14945025042902066,0.009875761251423575,0.027307275668954672,0.026829378703615587,0.8008699602960192,0.2859603970080482,0.22901639215949468,0.28589317112847606,0.7004162999111976,0.22295871733268927,0.13055247105569415,0.2170746034770629,0.599286713769624,7,43795.16234564781,43795.16234564781
1,2.849679128495568,0.8012618933271131,1.0977073536254895,1.2046019598361088,0.35589367584829057,0.06806644695822019,0.038729463297245234,0.09137567268690229,0.9699622378517049,0.36314435209591245,0.255360829720428,0.3514570560353645,0.7907659996641178,0.32405890345632166,0.18111523985291694,0.2990202904673511,0.5476709606253434,7,16508.194618940353,60303.356964588165
2,2.849679128495568,1.4396518563014435,1.0977073536254895,1.2046019598361088,0.5223478265405581,0.0685022678679911,0.038729463297245234,0.1237871975293569,1.1765602366089687,0.5064247220584769,0.3028321422933855,0.36730337225710624,1.0549129880748676,0.42081273972862393,0.21145939066404673,0.3187917171022275,0.5334705235402617,7,15575.644856452942,75879.0018210411
3,5.916114305917087,2.751280472289761,1.9619350815050576,1.3732056369749581,0.7848154452174859,0.0685022678679911,0.0997245129144798,0.055970274219715836,1.557166537516762,0.6927466862391088,0.3897138893350658,0.4747059619425876,1.3652020078058416,0.5917969483332868,0.232179416594291,0.3780872931829894,0.9569766676180659,13,16403.490161418915,92282.49198246002
