generation,best_fitness,best_fitness_flat,best_fitness_uneven,best_fitness_crater,worst_fitness,worst_fitness_flat,worst_fitness_uneven,worst_fitness_crater,mean_fitness,mean_fitness_flat,mean_fitness_uneven,mean_fitness_crater,median_fitness,median_fitness_flat,median_fitness_uneven,median_fitness_crater,std_fitness,num_modules,time_per_generation,total_elapsed_time
0,2.3538319327273665,1.6088357328530125,0.475919423297715,0.8334946507795862,0.12078685980320626,0.01835873059439947,0.024307440068839725,0.021904965381166947,0.8916509774587499,0.42321903199627153,0.19137974686776443,0.27705219859471397,0.633099363254408,0.24574507883988148,0.16050729225492025,0.1801125463433688,0.6507534512693085,6,44009.25028634071,44009.25028634071
1,2.3538319327273665,1.6088357328530125,0.5481466090739429,0.8334946507795862,0.29509454007725033,0.043145113247381454,0.04358470146659641,0.03389737643299288,1.0099098024605724,0.46791039346522684,0.22214718749806386,0.3198522214972816,0.7744436777447512,0.29426713890792866,0.1939043943987407,0.203235274774828,0.593782165763385,6,14377.03584241867,58386.286128759384
2,2.3538319327273665,1.6088357328530125,0.6567949885793612,0.8334946507795862,0.43982149276009463,0.043145113247381454,0.04358470146659641,0.016916194451091757,1.138329639855309,0.5132791405800617,0.27227076229706637,0.35277973697818055,1.0815456116326567,0.3941383235160432,0.228186587583077,0.24990369769330445,0.5287400403603667,6,15666.225945234299,74052.51207399368
3,2.9429162677874197,1.977048453096637,0.6567949885793612,0.8334946507795862,0.5424445776361787,0.043145113247381454,0.04358470146659641,0.07859935910634876,1.353514050588762,0.624348698553643,0.3105820264405586,0.4185833255945603,1.2823266949009173,0.5004398846889254,0.2910187049887344,0.40716775405674954,0.5417456388897542,7,15023.02103805542,89075.5331120491
