{
  "runID": "670016",
  "fitness": 6.567624552376421,
  "generation": 1,
  "core": {
    "right": {},
    "front": {
      "hinge": {
        "brick": {
          "front": {
            "hinge": {
              "brick": {
                "front": {},
                "right": {},
                "left": {},
                "rotation": 0.0,
                "spinebrick": true
              },
              "rotation": 1.5707963267948966
            }
          },
          "right": {},
          "left": {},
          "rotation": 4.71238898038469,
          "spinebrick": true
        },
        "rotation": 0.0
      }
    },
    "back": {
      "hinge": {
        "brick": {
          "front": {},
          "right": {},
          "left": {},
          "rotation": 3.141592653589793,
          "spinebrick": true
        },
        "rotation": 0.0
      }
    },
    "spinebrick": true,
    "left": {}
  },
  "brain_weights": [
    [
      0.0,
      -2.803321331121193,
      0.0,
      1.4493593372759457,
      0.0,
      0.0
    ],
    [
      -1.730575173623903,
      0.0,
      0.0,
      0.0,
      27.282537757954476,
      0.0
    ],
    [
      0.0,
      0.0,
      0.0,
      0.0,
      0.0,
      -6.728036518245343
    ],
    [
      8.70596191251389,
      0.0,
      0.0,
      0.0,
      0.0,
      0.0
    ],
    [
      0.0,
      -6.446981758874481,
      0.0,
      0.0,
      0.0,
      0.0
    ],
    [
      0.0,
      0.0,
      16.02677617240804,
      0.0,
      0.0,
      0.0
    ]
  ]
}