generation,best_fitness,best_fitness_flat,best_fitness_uneven,best_fitness_crater,worst_fitness,worst_fitness_flat,worst_fitness_uneven,worst_fitness_crater,mean_fitness,mean_fitness_flat,mean_fitness_uneven,mean_fitness_crater,median_fitness,median_fitness_flat,median_fitness_uneven,median_fitness_crater,std_fitness,num_modules,time_per_generation,total_elapsed_time
0,6.567624552376421,5.411054948847352,0.3153749740525101,0.8834853997916079,0.09356344953221449,0.0011032394155626526,0.021392986649315146,0.016636435505660758,0.7113588724850678,0.3802302697669155,0.1527576537383704,0.17837094897978167,0.3733211426918221,0.14935398562019747,0.13953737859017634,0.09222254507806077,1.1462501412418014,3,30865.251760959625,30865.251760959625
1,6.567624552376421,5.411054948847352,0.3153749740525101,0.8834853997916079,0.21192213374003088,0.009578700663937314,0.021392986649315146,0.021248689305070973,0.8293919066787923,0.45854623417622875,0.16326845883293903,0.20757721366962448,0.5187602765432366,0.19738594271959933,0.15451500423237216,0.11788023968396245,1.1246005580057425,3,11610.268872737885,42475.52063369751
2,6.567624552376421,5.411054948847352,0.5512024789785849,0.8834853997916079,0.26505668860774945,0.025242169572594897,0.003987385664129918,0.043910958859796276,0.9256368064737127,0.488971954798811,0.19046598924605543,0.24619886242884576,0.5908395510872739,0.23685755042158635,0.17481278447390577,0.1957619710386062,1.1291448260581378,3,11097.810277938843,53573.33091163635
3,6.567624552376421,5.411054948847352,0.5512024789785849,0.8839277958356745,0.3457500863859423,0.01529006802491038,0.021392986649315146,0.043910958859796276,1.0432058117990048,0.5547637291551467,0.20918692142966847,0.2792551612141892,0.6702812641250615,0.26485299396942114,0.18568720667909688,0.2060771991060144,1.1432015172190917,3,9979.519093990326,63552.85000562668
