generation,best_fitness,best_fitness_flat,best_fitness_uneven,best_fitness_crater,worst_fitness,worst_fitness_flat,worst_fitness_uneven,worst_fitness_crater,mean_fitness,mean_fitness_flat,mean_fitness_uneven,mean_fitness_crater,median_fitness,median_fitness_flat,median_fitness_uneven,median_fitness_crater,std_fitness,num_modules,time_per_generation,total_elapsed_time
0,4.403553841398168,2.972611362407277,1.0654498148906897,1.0582868764838234,0.11491193977979688,0.0109556900575318,0.062019314372194545,0.03354197086958863,0.8648505143495424,0.3572387081632225,0.24039819581770766,0.2672136103686124,0.5017146995028057,0.12769415507371923,0.173359963380681,0.16898094797434507,0.8641127118661801,8,31939.37025952339,31939.37025952339
1,8.975012867551113,4.973487224759118,1.0654498148906897,3.6276255320397377,0.36099001425992816,0.02635092032963307,0.07267986638713049,0.08747340033193088,1.5462023210518636,0.7561286679361481,0.3021902947790837,0.4878833583366321,0.9029346205603443,0.387153886866266,0.21966472483537763,0.3522419887929264,1.7297216908300377,8,10834.772255182266,42774.14251470566
2,8.975012867551113,4.973487224759118,1.0654498148906897,3.6276255320397377,0.5017146995028057,0.026996110305264238,0.07267986638713049,0.08747340033193088,1.640301348269729,0.8077522943687352,0.31269044368714194,0.5198586102138522,1.0096910241718253,0.3961439291821321,0.2423809338507065,0.35886635610103934,1.6939521001978959,8,11772.558300971985,54546.70081567764
3,8.975012867551113,4.973487224759118,1.0654498148906897,3.6276255320397377,0.672024044153833,0.09904800983716848,0.049817086935257,0.11490814778566773,1.7451714190189591,0.86695358591471,0.3341493913113725,0.5440684417928775,1.0665511951633302,0.5073737069860305,0.2895588737116962,0.3661437340367626,1.6539302437228374,8,11878.313357114792,66425.01417279243
