generation,best_fitness,best_fitness_flat,best_fitness_uneven,best_fitness_crater,worst_fitness,worst_fitness_flat,worst_fitness_uneven,worst_fitness_crater,mean_fitness,mean_fitness_flat,mean_fitness_uneven,mean_fitness_crater,median_fitness,median_fitness_flat,median_fitness_uneven,median_fitness_crater,std_fitness,num_modules,time_per_generation,total_elapsed_time
0,5.070410309359458,2.7374714563253324,1.5359713835417432,1.7534084335369209,0.0671981140041341,5.432177622355385e-16,0.03133849412119625,0.0077242377765095694,1.106788347085275,0.44325193390877987,0.33343711785066416,0.3300992953258307,0.5974784928890187,0.1859601291542773,0.207252188804326,0.16130624120019135,1.1630937063498685,10,44006.03717541695,44006.03717541695
1,5.070410309359458,2.7374714563253324,1.8110262998395563,1.7534084335369209,0.41145698242940176,0.09514469280632008,0.03133849412119625,0.02542532780443843,1.5005846668377254,0.6173240665067772,0.42598319340688007,0.45727740692406826,0.9926966371981495,0.37088398114739335,0.25559364239544646,0.2849737955018854,1.1510655775730663,10,15239.867119312286,59245.90429472923
2,5.070410309359458,2.7374714563253324,1.8110262998395563,1.7534084335369209,0.5647320910694191,0.11795872731547546,0.07088482945551973,0.04965279787669652,1.626091256201119,0.6480357872197283,0.4791729483290673,0.49888252065232347,1.1369919395388441,0.3723670013250434,0.2741674104044951,0.39555636356417634,1.0992304032883125,10,18219.62125825882,77465.52555298805
3,5.366128702309505,2.945587685212678,1.8110262998395563,1.7534084335369209,0.7339116556846323,0.11795872731547546,0.06976264749955383,0.013406434066495448,1.904203428988421,0.8138706297644102,0.5280251208680078,0.5623076783560033,1.5293108108357685,0.5921791915920119,0.35887693847068725,0.4416365357919853,1.199553781879151,11,15851.076377630234,93316.60193061829
