generation,best_fitness,best_fitness_flat,best_fitness_uneven,best_fitness_crater,worst_fitness,worst_fitness_flat,worst_fitness_uneven,worst_fitness_crater,mean_fitness,mean_fitness_flat,mean_fitness_uneven,mean_fitness_crater,median_fitness,median_fitness_flat,median_fitness_uneven,median_fitness_crater,std_fitness,num_modules,time_per_generation,total_elapsed_time
0,2.107989371091904,1.2146652420417237,0.3949949670540847,1.1342773642818578,0.07190471966330528,0.006210507260516531,0.003429751731982959,0.006704139415922792,0.7080278836988823,0.2883489736943391,0.13571440428506715,0.28396450571947607,0.45232325794297373,0.1795232880172356,0.12061422398717758,0.19179519669357106,0.5679827661365332,7,32410.148938655853,32410.148938655853
1,2.107989371091904,1.2146652420417237,0.47072343886818674,1.1342773642818578,0.3239873089811641,0.019068632370763013,0.007220838136444069,0.0895419227309498,0.8512525053700932,0.3428447556442491,0.1748433966656891,0.3335643530601552,0.6917944223637071,0.2992780907770426,0.1740238320207576,0.23895653921046248,0.4961161181729232,7,10307.56273818016,42717.711676836014
2,6.238486100431903,5.80947922642846,0.47072343886818674,1.1342773642818578,0.47468348243731817,0.08325061674798717,0.028337222882045675,0.09380580260165808,1.177723549558803,0.6052580967369626,0.20137566089101858,0.3710897919308215,0.8893566418465308,0.38462263643886657,0.19205126596000707,0.2789546810550509,1.0379111585068619,7,10396.900623083115,53114.61229991913
3,6.238486100431903,5.80947922642846,0.47072343886818674,1.1342773642818578,0.6131844200822838,0.08325061674798717,0.028337222882045675,0.09123974649331489,1.239842791130258,0.6408943379681052,0.21818077471038516,0.3807676784517675,0.946146279486249,0.41562773575380285,0.20911439738691898,0.2789546810550509,1.0183549343170788,7,11140.690716266632,64255.30301618576
