generation,best_fitness,best_fitness_flat,best_fitness_uneven,best_fitness_crater,worst_fitness,worst_fitness_flat,worst_fitness_uneven,worst_fitness_crater,mean_fitness,mean_fitness_flat,mean_fitness_uneven,mean_fitness_crater,median_fitness,median_fitness_flat,median_fitness_uneven,median_fitness_crater,std_fitness,num_modules,time_per_generation,total_elapsed_time
0,3.7812731871720957,2.1245804662418686,0.8766078026301708,1.475759726994197,0.16142153986388202,0.016450059416248032,0.021435504739812785,0.03527252941245185,1.0119436237804542,0.4628918412725277,0.21533696395296362,0.3337148185549634,0.7082091413390507,0.19615222327974716,0.15879523933152495,0.20223615771911999,0.8990072767449162,4,44620.10381293297,44620.10381293297
1,3.7812731871720957,2.1245804662418686,0.8766078026301708,1.475759726994197,0.3630918583175317,0.03396366739278633,0.03128324457290373,0.03527252941245185,1.213277009813049,0.5666459455270505,0.2699259795286386,0.37670508475735964,0.8335105879964512,0.4061732904455283,0.20169443801219575,0.2847405726996647,0.9392566926721139,4,14461.224632024765,59081.32844495773
