generation,best_fitness,best_fitness_flat,best_fitness_uneven,best_fitness_crater,worst_fitness,worst_fitness_flat,worst_fitness_uneven,worst_fitness_crater,mean_fitness,mean_fitness_flat,mean_fitness_uneven,mean_fitness_crater,median_fitness,median_fitness_flat,median_fitness_uneven,median_fitness_crater,std_fitness,num_modules,time_per_generation,total_elapsed_time
0,8.074212852831302,3.7394654687062587,0.8287219949337541,3.506025389191288,0.060971519708255845,0.012097641558190698,0.013476445568211246,0.015592292160286556,0.8587976468634831,0.32355564001581544,0.1820509145851001,0.3531910922625674,0.354515778122182,0.16960816202750043,0.10054192747919907,0.12335224588394676,1.467574247042069,8,31568.4011926651,31568.4011926651
1,8.074212852831302,3.7394654687062587,0.8287219949337541,3.506025389191288,0.26322368143860514,0.012097641558190698,0.02995181424058169,0.019282535686737143,1.168015663830207,0.4504368107802083,0.2641643680184965,0.4534144850315019,0.6571809888525968,0.2181724243838443,0.1845721638453202,0.22416847343783938,1.4879373505235913,8,11243.304883480072,42811.70607614517
2,8.074212852831302,3.7394654687062587,0.8287219949337541,3.506025389191288,0.34375099615944454,0.012097641558190698,0.060813499534655056,0.02518519924652053,1.2722338504877762,0.4907308788453352,0.29103751496242153,0.49046545668001945,0.7720799759124066,0.2618747620505864,0.2680000374925689,0.2812034013466512,1.4553482689268469,8,10138.890066623688,52950.59614276886
3,8.074212852831302,3.7394654687062587,0.9051810769465327,3.506025389191288,0.4823294856907094,0.0122808139428834,0.04558976412129811,0.07389168815203445,1.382474359410202,0.5319890460303683,0.31629604335447115,0.5341892700253622,0.9218684605813693,0.32968662862815806,0.2755169529430034,0.3168803445389014,1.4224338205903642,8,11527.497352838516,64478.093495607376
