generation,best_fitness,best_fitness_flat,best_fitness_uneven,best_fitness_crater,worst_fitness,worst_fitness_flat,worst_fitness_uneven,worst_fitness_crater,mean_fitness,mean_fitness_flat,mean_fitness_uneven,mean_fitness_crater,median_fitness,median_fitness_flat,median_fitness_uneven,median_fitness_crater,std_fitness,num_modules,time_per_generation,total_elapsed_time
0,0.5884079389006414,0.03952489838060398,0.16024560977394467,0.014607859489669424,0.21437836764421808,0.1101124331561918,0.4134713591573144,0.06482414658713506,0.40139315327242975,0.0748186657683979,0.28685848446562956,0.03971600303840224,0.21437836764421808,0.1101124331561918,0.4134713591573144,0.06482414658713506,0.18701478562821167,6,62.33419704437256,62.33419704437256
1,0.5884079389006414,0.03952489838060398,0.16024560977394467,0.014607859489669424,0.21437836764421808,0.1101124331561918,0.4134713591573144,0.06482414658713506,0.40139315327242975,0.0748186657683979,0.28685848446562956,0.03971600303840224,0.21437836764421808,0.1101124331561918,0.4134713591573144,0.06482414658713506,0.18701478562821167,6,33.840519428253174,96.17471647262573
