generation,best_fitness,best_fitness_flat,best_fitness_uneven,best_fitness_crater,worst_fitness,worst_fitness_flat,worst_fitness_uneven,worst_fitness_crater,mean_fitness,mean_fitness_flat,mean_fitness_uneven,mean_fitness_crater,median_fitness,median_fitness_flat,median_fitness_uneven,median_fitness_crater,std_fitness,num_modules,time_per_generation,total_elapsed_time
0,6.692189295655117,4.1216025435470405,0.7118941826071006,2.133001056993627,0.09282306245750374,0.011240372011456362,0.03320540536790539,0.0013746957329391406,0.9887859659176065,0.42810727107926777,0.22195669695065376,0.3387219978876852,0.5672274789771521,0.17228629449409988,0.14868196711614312,0.18548691294314826,1.2946460762379512,8,31236.285266399384,31236.285266399384
1,6.692189295655117,4.1216025435470405,0.7742732713009911,2.133001056993627,0.3334455640315875,0.040601229033639614,0.03320540536790539,0.08068600859380455,1.3178432867393113,0.5799788780514934,0.2985973038110267,0.4392671048767918,0.8796573867901606,0.3015084463108911,0.2119570174718919,0.2628201266996271,1.2655533617824275,8,10816.547346830368,42052.83261322975
2,6.692189295655117,4.1216025435470405,0.7742732713009911,2.133001056993627,0.5321797993544105,0.10063200250682686,0.03320540536790539,0.08068600859380455,1.4338918634794224,0.6419715763598003,0.30154556957311207,0.4903747175465103,1.055069309463045,0.378249300037911,0.21708795469552267,0.29687680564122715,1.2100942060197097,8,11053.555571079254,53106.388184309006
3,6.692189295655117,4.1216025435470405,0.7742732713009911,2.133001056993627,0.5954283313510673,0.10063200250682686,0.03320540536790539,0.08068600859380455,1.6067806416082435,0.7160637063428678,0.34520633799719724,0.5455105972681789,1.1225821370773192,0.4464656139367436,0.29896909284212825,0.4927550210525529,1.1939922034039554,8,11728.126924753189,64834.515109062195
