generation,best_fitness,best_fitness_flat,best_fitness_uneven,best_fitness_crater,worst_fitness,worst_fitness_flat,worst_fitness_uneven,worst_fitness_crater,mean_fitness,mean_fitness_flat,mean_fitness_uneven,mean_fitness_crater,median_fitness,median_fitness_flat,median_fitness_uneven,median_fitness_crater,std_fitness,num_modules,time_per_generation,total_elapsed_time
0,2.6266215000151725,1.2830270915177875,0.8870788904914683,0.5930046049889245,0.10691488841664548,0.008700162534395688,0.015132467763599021,0.0038805311996843064,0.6467438666734157,0.24625318772708246,0.21480349421910958,0.18568718472722345,0.4027770159865891,0.1155664179379089,0.14595523108111022,0.0976904579807222,0.6030140282455652,8,43916.813382864,43916.813382864
1,2.6266215000151725,1.2830270915177875,0.8870788904914683,0.6765806837922436,0.2493749877536837,0.05405741154773933,0.017765668056727055,0.043057666845755564,0.8281824201813487,0.3244119613585236,0.24938245830315794,0.254388000519667,0.6583088862625479,0.20395044896802036,0.15862415177793887,0.1640601213906464,0.5615166466434433,8,14796.89399600029,58713.70737886429
