generation,best_fitness,best_fitness_flat,best_fitness_uneven,best_fitness_crater,worst_fitness,worst_fitness_flat,worst_fitness_uneven,worst_fitness_crater,mean_fitness,mean_fitness_flat,mean_fitness_uneven,mean_fitness_crater,median_fitness,median_fitness_flat,median_fitness_uneven,median_fitness_crater,std_fitness,num_modules,time_per_generation,total_elapsed_time
0,2.942072541892925,2.1545942060978716,1.0984930311209093,0.8915163929780121,0.07262057410226873,5.432177622355385e-16,0.03420185052636625,0.01120028648116354,0.7386169448954291,0.34510838397382826,0.18578511622680155,0.20772344469479886,0.5465842478010168,0.1621360794345527,0.14614390384386117,0.12100553496872914,0.7517684711865397,4,30479.045283079147,30479.045283079147
1,2.942072541892925,2.1545942060978716,1.0984930311209093,0.8915163929780121,0.20352361456602353,5.432177622355385e-16,0.03420185052636625,0.012546727117976011,0.8188505021846154,0.365106668548464,0.22552389237176362,0.22821994126438777,0.6268506180003373,0.22062354388209204,0.1804792622594616,0.15513020790746518,0.7165885113787804,4,11139.431560993195,41618.47684407234
2,2.942072541892925,2.1545942060978716,1.0984930311209093,0.8915163929780121,0.4815489876266854,0.017781679048462118,0.005996530661383547,0.04276178056136371,0.9967411763016949,0.4537206251193144,0.23987876428033603,0.3031417869020448,0.748681997121046,0.281792524735161,0.19629467710726906,0.20916163298502874,0.6961942686575937,4,11294.414880514145,52912.89172458649
3,2.942072541892925,2.1545942060978716,1.0984930311209093,0.8915163929780121,0.5463771948662346,0.011538200880186016,0.005996530661383547,0.06450280307963543,1.065593104971948,0.48971726005957267,0.25501140652521376,0.32086443838716183,0.8203237990303153,0.34913474226601643,0.20348870574396635,0.23996914946378314,0.6864570965843119,4,11560.914644956589,64473.806369543076
