generation,best_fitness,worst_fitness,mean_fitness,median_fitness,std_fitness,num_modules
1,1.2890356033965096,0.17647001988256175,0.36844866833384005,0.3102805011947576,0.21402683504463976,9
2,1.2890356033965096,0.20522291612679142,0.3919486159943683,0.3394473681665464,0.20197743203156038,9
3,1.2890356033965096,0.23237011286847437,0.408773471370665,0.3485455455338151,0.19223332769478224,9
4,1.2890356033965096,0.2778423690683165,0.4575444185708996,0.41738927093493594,0.2099527652897391,9
5,1.5211725900934336,0.3102805011947576,0.5166013826951169,0.4205805003125566,0.27312425339108715,14
