generation,best_fitness,best_fitness_flat,best_fitness_uneven,best_fitness_crater,worst_fitness,worst_fitness_flat,worst_fitness_uneven,worst_fitness_crater,mean_fitness,mean_fitness_flat,mean_fitness_uneven,mean_fitness_crater,median_fitness,median_fitness_flat,median_fitness_uneven,median_fitness_crater,std_fitness,num_modules,time_per_generation,total_elapsed_time
0,3.76596897054622,1.5081103939489258,1.6023315714579867,1.9257177891179273,0.11253118751522509,0.0125929048604321,0.031175689023083143,0.014927331312033118,1.1690327094206974,0.4566121733364313,0.27344795805345645,0.43897257803080986,0.8060217537313654,0.3001548186896815,0.1599940945166211,0.25218391032841536,1.0499606158673107,7,30821.040868282318,30821.040868282318
1,6.459251731476325,3.8236917066583533,1.9078414574342084,1.9257177891179273,0.3238650696246495,0.01219403048900009,0.031175689023083143,0.08400690238716545,1.4661780859976419,0.6053425134393521,0.3580228633833143,0.5028127091749754,0.8852181466672041,0.30835901388651166,0.20400480694778597,0.3708664330094439,1.3389548308780002,5,10624.22138929367,41445.26225757599
2,6.459251731476325,3.8236917066583533,1.9078414574342084,1.9257177891179273,0.5604545993323868,0.01219403048900009,0.044436773666196396,0.13021338100441007,1.5238749722173937,0.6119339225257646,0.38836973909085254,0.5235713106007762,0.9075935288261553,0.32177673239418647,0.2180588116675617,0.37355485851649955,1.3047792498051434,5,10116.186557769775,51561.448815345764
3,6.459251731476325,3.8236917066583533,1.9078414574342084,1.9257177891179273,0.661700032339581,0.01219403048900009,0.044436773666196396,0.13021338100441007,1.686259494440325,0.6849426065990947,0.41386372635826973,0.5874531614829605,1.1531586198529544,0.4575844759045808,0.31072901562625593,0.4226274554303696,1.270003397785217,5,10642.818845748901,62204.267661094666
